date,district,actual_crime,source_group
2026-01-01,1,43.0,d08_group
2026-01-02,1,25.0,d08_group
2026-01-03,1,27.0,d08_group
2026-01-04,1,28.0,d08_group
2026-01-05,1,29.0,d08_group
2026-01-06,1,39.0,d08_group
2026-01-07,1,32.0,d08_group
2026-01-08,1,29.0,d08_group
2026-01-09,1,35.0,d08_group
2026-01-10,1,32.0,d08_group
2026-01-11,1,25.0,d08_group
2026-01-12,1,26.0,d08_group
2026-01-13,1,28.0,d08_group
2026-01-14,1,27.0,d08_group
2026-01-15,1,30.0,d08_group
2026-01-16,1,34.0,d08_group
2026-01-17,1,27.0,d08_group
2026-01-18,1,33.0,d08_group
2026-01-19,1,30.0,d08_group
2026-01-20,1,30.0,d08_group
2026-01-21,1,37.0,d08_group
2026-01-22,1,28.0,d08_group
2026-01-23,1,23.0,d08_group
2026-01-24,1,26.0,d08_group
2026-01-25,1,19.0,d08_group
2026-01-26,1,20.0,d08_group
2026-01-27,1,29.0,d08_group
2026-01-28,1,39.0,d08_group
2026-01-29,1,37.0,d08_group
2026-01-30,1,24.0,d08_group
2026-01-31,1,31.0,d08_group
2026-02-01,1,43.0,d08_group
2026-02-02,1,30.0,d08_group
2026-02-03,1,28.0,d08_group
2026-02-04,1,45.0,d08_group
2026-02-05,1,29.0,d08_group
2026-02-06,1,29.0,d08_group
2026-02-07,1,39.0,d08_group
2026-02-08,1,30.0,d08_group
2026-02-09,1,50.0,d08_group
2026-02-10,1,28.0,d08_group
2026-02-11,1,45.0,d08_group
2026-02-12,1,41.0,d08_group
2026-02-13,1,38.0,d08_group
2026-02-14,1,40.0,d08_group
2026-02-15,1,36.0,d08_group
2026-02-16,1,29.0,d08_group
2026-02-17,1,25.0,d08_group
2026-02-18,1,49.0,d08_group
2026-02-19,1,31.0,d08_group
2026-02-20,1,39.0,d08_group
2026-02-21,1,28.0,d08_group
2026-02-22,1,13.0,d08_group
2026-02-23,1,30.0,d08_group
2026-02-24,1,22.0,d08_group
2026-02-25,1,21.0,d08_group
2026-02-26,1,33.0,d08_group
2026-02-27,1,24.0,d08_group
2026-02-28,1,31.0,d08_group
2026-03-01,1,29.0,d08_group
2026-03-02,1,22.0,d08_group
2026-01-01,10,28.0,d11_group
2026-01-02,10,17.0,d11_group
2026-01-03,10,20.0,d11_group
2026-01-04,10,21.0,d11_group
2026-01-05,10,34.0,d11_group
2026-01-06,10,20.0,d11_group
2026-01-07,10,24.0,d11_group
2026-01-08,10,18.0,d11_group
2026-01-09,10,23.0,d11_group
2026-01-10,10,19.0,d11_group
2026-01-11,10,27.0,d11_group
2026-01-12,10,17.0,d11_group
2026-01-13,10,16.0,d11_group
2026-01-14,10,25.0,d11_group
2026-01-15,10,22.0,d11_group
2026-01-16,10,20.0,d11_group
2026-01-17,10,20.0,d11_group
2026-01-18,10,21.0,d11_group
2026-01-19,10,23.0,d11_group
2026-01-20,10,27.0,d11_group
2026-01-21,10,15.0,d11_group
2026-01-22,10,17.0,d11_group
2026-01-23,10,13.0,d11_group
2026-01-24,10,17.0,d11_group
2026-01-25,10,12.0,d11_group
2026-01-26,10,17.0,d11_group
2026-01-27,10,20.0,d11_group
2026-01-28,10,19.0,d11_group
2026-01-29,10,19.0,d11_group
2026-01-30,10,20.0,d11_group
2026-01-31,10,23.0,d11_group
2026-02-01,10,26.0,d11_group
2026-02-02,10,26.0,d11_group
2026-02-03,10,19.0,d11_group
2026-02-04,10,23.0,d11_group
2026-02-05,10,23.0,d11_group
2026-02-06,10,25.0,d11_group
2026-02-07,10,18.0,d11_group
2026-02-08,10,24.0,d11_group
2026-02-09,10,27.0,d11_group
2026-02-10,10,15.0,d11_group
2026-02-11,10,23.0,d11_group
2026-02-12,10,23.0,d11_group
2026-02-13,10,18.0,d11_group
2026-02-14,10,34.0,d11_group
2026-02-15,10,27.0,d11_group
2026-02-16,10,18.0,d11_group
2026-02-17,10,23.0,d11_group
2026-02-18,10,26.0,d11_group
2026-02-19,10,26.0,d11_group
2026-02-20,10,26.0,d11_group
2026-02-21,10,27.0,d11_group
2026-02-22,10,19.0,d11_group
2026-02-23,10,21.0,d11_group
2026-02-24,10,26.0,d11_group
2026-02-25,10,18.0,d11_group
2026-02-26,10,22.0,d11_group
2026-02-27,10,22.0,d11_group
2026-02-28,10,12.0,d11_group
2026-03-01,10,25.0,d11_group
2026-03-02,10,22.0,d11_group
2026-01-01,11,49.0,d11_group
2026-01-02,11,27.0,d11_group
2026-01-03,11,30.0,d11_group
2026-01-04,11,34.0,d11_group
2026-01-05,11,28.0,d11_group
2026-01-06,11,33.0,d11_group
2026-01-07,11,24.0,d11_group
2026-01-08,11,27.0,d11_group
2026-01-09,11,43.0,d11_group
2026-01-10,11,32.0,d11_group
2026-01-11,11,28.0,d11_group
2026-01-12,11,28.0,d11_group
2026-01-13,11,33.0,d11_group
2026-01-14,11,20.0,d11_group
2026-01-15,11,32.0,d11_group
2026-01-16,11,27.0,d11_group
2026-01-17,11,30.0,d11_group
2026-01-18,11,28.0,d11_group
2026-01-19,11,31.0,d11_group
2026-01-20,11,29.0,d11_group
2026-01-21,11,25.0,d11_group
2026-01-22,11,37.0,d11_group
2026-01-23,11,22.0,d11_group
2026-01-24,11,23.0,d11_group
2026-01-25,11,22.0,d11_group
2026-01-26,11,22.0,d11_group
2026-01-27,11,26.0,d11_group
2026-01-28,11,25.0,d11_group
2026-01-29,11,27.0,d11_group
2026-01-30,11,19.0,d11_group
2026-01-31,11,24.0,d11_group
2026-02-01,11,31.0,d11_group
2026-02-02,11,23.0,d11_group
2026-02-03,11,35.0,d11_group
2026-02-04,11,36.0,d11_group
2026-02-05,11,28.0,d11_group
2026-02-06,11,23.0,d11_group
2026-02-07,11,26.0,d11_group
2026-02-08,11,35.0,d11_group
2026-02-09,11,27.0,d11_group
2026-02-10,11,33.0,d11_group
2026-02-11,11,33.0,d11_group
2026-02-12,11,29.0,d11_group
2026-02-13,11,31.0,d11_group
2026-02-14,11,40.0,d11_group
2026-02-15,11,31.0,d11_group
2026-02-16,11,23.0,d11_group
2026-02-17,11,27.0,d11_group
2026-02-18,11,26.0,d11_group
2026-02-19,11,39.0,d11_group
2026-02-20,11,28.0,d11_group
2026-02-21,11,26.0,d11_group
2026-02-22,11,23.0,d11_group
2026-02-23,11,20.0,d11_group
2026-02-24,11,30.0,d11_group
2026-02-25,11,29.0,d11_group
2026-02-26,11,25.0,d11_group
2026-02-27,11,29.0,d11_group
2026-02-28,11,26.0,d11_group
2026-03-01,11,30.0,d11_group
2026-03-02,11,29.0,d11_group
2026-03-03,11,1.0,d11_group
2026-01-01,12,42.0,d14_group
2026-01-02,12,31.0,d14_group
2026-01-03,12,33.0,d14_group
2026-01-04,12,34.0,d14_group
2026-01-05,12,33.0,d14_group
2026-01-06,12,33.0,d14_group
2026-01-07,12,36.0,d14_group
2026-01-08,12,30.0,d14_group
2026-01-09,12,39.0,d14_group
2026-01-10,12,29.0,d14_group
2026-01-11,12,25.0,d14_group
2026-01-12,12,31.0,d14_group
2026-01-13,12,48.0,d14_group
2026-01-14,12,42.0,d14_group
2026-01-15,12,40.0,d14_group
2026-01-16,12,35.0,d14_group
2026-01-17,12,49.0,d14_group
2026-01-18,12,30.0,d14_group
2026-01-19,12,26.0,d14_group
2026-01-20,12,36.0,d14_group
2026-01-21,12,52.0,d14_group
2026-01-22,12,34.0,d14_group
2026-01-23,12,32.0,d14_group
2026-01-24,12,36.0,d14_group
2026-01-25,12,34.0,d14_group
2026-01-26,12,34.0,d14_group
2026-01-27,12,34.0,d14_group
2026-01-28,12,30.0,d14_group
2026-01-29,12,33.0,d14_group
2026-01-30,12,39.0,d14_group
2026-01-31,12,32.0,d14_group
2026-02-01,12,35.0,d14_group
2026-02-02,12,37.0,d14_group
2026-02-03,12,31.0,d14_group
2026-02-04,12,30.0,d14_group
2026-02-05,12,45.0,d14_group
2026-02-06,12,33.0,d14_group
2026-02-07,12,37.0,d14_group
2026-02-08,12,38.0,d14_group
2026-02-09,12,33.0,d14_group
2026-02-10,12,40.0,d14_group
2026-02-11,12,41.0,d14_group
2026-02-12,12,41.0,d14_group
2026-02-13,12,43.0,d14_group
2026-02-14,12,31.0,d14_group
2026-02-15,12,40.0,d14_group
2026-02-16,12,28.0,d14_group
2026-02-17,12,41.0,d14_group
2026-02-18,12,43.0,d14_group
2026-02-19,12,55.0,d14_group
2026-02-20,12,37.0,d14_group
2026-02-21,12,39.0,d14_group
2026-02-22,12,21.0,d14_group
2026-02-23,12,28.0,d14_group
2026-02-24,12,33.0,d14_group
2026-02-25,12,30.0,d14_group
2026-02-26,12,48.0,d14_group
2026-02-27,12,36.0,d14_group
2026-02-28,12,36.0,d14_group
2026-03-01,12,42.0,d14_group
2026-03-02,12,46.0,d14_group
2026-01-01,14,22.0,d14_group
2026-01-02,14,18.0,d14_group
2026-01-03,14,23.0,d14_group
2026-01-04,14,14.0,d14_group
2026-01-05,14,13.0,d14_group
2026-01-06,14,18.0,d14_group
2026-01-07,14,26.0,d14_group
2026-01-08,14,18.0,d14_group
2026-01-09,14,24.0,d14_group
2026-01-10,14,20.0,d14_group
2026-01-11,14,34.0,d14_group
2026-01-12,14,15.0,d14_group
2026-01-13,14,19.0,d14_group
2026-01-14,14,23.0,d14_group
2026-01-15,14,19.0,d14_group
2026-01-16,14,21.0,d14_group
2026-01-17,14,23.0,d14_group
2026-01-18,14,30.0,d14_group
2026-01-19,14,13.0,d14_group
2026-01-20,14,20.0,d14_group
2026-01-21,14,18.0,d14_group
2026-01-22,14,18.0,d14_group
2026-01-23,14,16.0,d14_group
2026-01-24,14,24.0,d14_group
2026-01-25,14,21.0,d14_group
2026-01-26,14,16.0,d14_group
2026-01-27,14,17.0,d14_group
2026-01-28,14,13.0,d14_group
2026-01-29,14,10.0,d14_group
2026-01-30,14,12.0,d14_group
2026-01-31,14,21.0,d14_group
2026-02-01,14,19.0,d14_group
2026-02-02,14,23.0,d14_group
2026-02-03,14,21.0,d14_group
2026-02-04,14,14.0,d14_group
2026-02-05,14,13.0,d14_group
2026-02-06,14,19.0,d14_group
2026-02-07,14,13.0,d14_group
2026-02-08,14,15.0,d14_group
2026-02-09,14,18.0,d14_group
2026-02-10,14,16.0,d14_group
2026-02-11,14,25.0,d14_group
2026-02-12,14,17.0,d14_group
2026-02-13,14,21.0,d14_group
2026-02-14,14,26.0,d14_group
2026-02-15,14,18.0,d14_group
2026-02-16,14,23.0,d14_group
2026-02-17,14,19.0,d14_group
2026-02-18,14,19.0,d14_group
2026-02-19,14,26.0,d14_group
2026-02-20,14,24.0,d14_group
2026-02-21,14,16.0,d14_group
2026-02-22,14,20.0,d14_group
2026-02-23,14,19.0,d14_group
2026-02-24,14,23.0,d14_group
2026-02-25,14,22.0,d14_group
2026-02-26,14,29.0,d14_group
2026-02-27,14,31.0,d14_group
2026-02-28,14,19.0,d14_group
2026-03-01,14,17.0,d14_group
2026-03-02,14,31.0,d14_group
2026-03-03,14,1.0,d14_group
2026-01-01,15,26.0,d11_group
2026-01-02,15,14.0,d11_group
2026-01-03,15,14.0,d11_group
2026-01-04,15,19.0,d11_group
2026-01-05,15,18.0,d11_group
2026-01-06,15,21.0,d11_group
2026-01-07,15,19.0,d11_group
2026-01-08,15,16.0,d11_group
2026-01-09,15,18.0,d11_group
2026-01-10,15,19.0,d11_group
2026-01-11,15,15.0,d11_group
2026-01-12,15,23.0,d11_group
2026-01-13,15,17.0,d11_group
2026-01-14,15,11.0,d11_group
2026-01-15,15,12.0,d11_group
2026-01-16,15,19.0,d11_group
2026-01-17,15,17.0,d11_group
2026-01-18,15,17.0,d11_group
2026-01-19,15,15.0,d11_group
2026-01-20,15,16.0,d11_group
2026-01-21,15,17.0,d11_group
2026-01-22,15,12.0,d11_group
2026-01-23,15,20.0,d11_group
2026-01-24,15,25.0,d11_group
2026-01-25,15,10.0,d11_group
2026-01-26,15,22.0,d11_group
2026-01-27,15,18.0,d11_group
2026-01-28,15,11.0,d11_group
2026-01-29,15,13.0,d11_group
2026-01-30,15,22.0,d11_group
2026-01-31,15,17.0,d11_group
2026-02-01,15,23.0,d11_group
2026-02-02,15,14.0,d11_group
2026-02-03,15,15.0,d11_group
2026-02-04,15,14.0,d11_group
2026-02-05,15,18.0,d11_group
2026-02-06,15,19.0,d11_group
2026-02-07,15,19.0,d11_group
2026-02-08,15,15.0,d11_group
2026-02-09,15,19.0,d11_group
2026-02-10,15,18.0,d11_group
2026-02-11,15,18.0,d11_group
2026-02-12,15,15.0,d11_group
2026-02-13,15,17.0,d11_group
2026-02-14,15,20.0,d11_group
2026-02-15,15,19.0,d11_group
2026-02-16,15,17.0,d11_group
2026-02-17,15,18.0,d11_group
2026-02-18,15,28.0,d11_group
2026-02-19,15,15.0,d11_group
2026-02-20,15,21.0,d11_group
2026-02-21,15,19.0,d11_group
2026-02-22,15,19.0,d11_group
2026-02-23,15,17.0,d11_group
2026-02-24,15,9.0,d11_group
2026-02-25,15,20.0,d11_group
2026-02-26,15,18.0,d11_group
2026-02-27,15,22.0,d11_group
2026-02-28,15,28.0,d11_group
2026-03-01,15,24.0,d11_group
2026-03-02,15,15.0,d11_group
2026-03-03,15,1.0,d11_group
2026-01-01,16,22.0,d11_group
2026-01-02,16,17.0,d11_group
2026-01-03,16,21.0,d11_group
2026-01-04,16,20.0,d11_group
2026-01-05,16,24.0,d11_group
2026-01-06,16,30.0,d11_group
2026-01-07,16,16.0,d11_group
2026-01-08,16,11.0,d11_group
2026-01-09,16,16.0,d11_group
2026-01-10,16,15.0,d11_group
2026-01-11,16,14.0,d11_group
2026-01-12,16,22.0,d11_group
2026-01-13,16,22.0,d11_group
2026-01-14,16,18.0,d11_group
2026-01-15,16,24.0,d11_group
2026-01-16,16,17.0,d11_group
2026-01-17,16,14.0,d11_group
2026-01-18,16,14.0,d11_group
2026-01-19,16,17.0,d11_group
2026-01-20,16,8.0,d11_group
2026-01-21,16,22.0,d11_group
2026-01-22,16,21.0,d11_group
2026-01-23,16,25.0,d11_group
2026-01-24,16,19.0,d11_group
2026-01-25,16,14.0,d11_group
2026-01-26,16,12.0,d11_group
2026-01-27,16,24.0,d11_group
2026-01-28,16,18.0,d11_group
2026-01-29,16,21.0,d11_group
2026-01-30,16,25.0,d11_group
2026-01-31,16,29.0,d11_group
2026-02-01,16,12.0,d11_group
2026-02-02,16,16.0,d11_group
2026-02-03,16,18.0,d11_group
2026-02-04,16,25.0,d11_group
2026-02-05,16,20.0,d11_group
2026-02-06,16,15.0,d11_group
2026-02-07,16,16.0,d11_group
2026-02-08,16,23.0,d11_group
2026-02-09,16,18.0,d11_group
2026-02-10,16,17.0,d11_group
2026-02-11,16,13.0,d11_group
2026-02-12,16,26.0,d11_group
2026-02-13,16,27.0,d11_group
2026-02-14,16,18.0,d11_group
2026-02-15,16,19.0,d11_group
2026-02-16,16,18.0,d11_group
2026-02-17,16,21.0,d11_group
2026-02-18,16,18.0,d11_group
2026-02-19,16,19.0,d11_group
2026-02-20,16,24.0,d11_group
2026-02-21,16,18.0,d11_group
2026-02-22,16,22.0,d11_group
2026-02-23,16,24.0,d11_group
2026-02-24,16,11.0,d11_group
2026-02-25,16,15.0,d11_group
2026-02-26,16,24.0,d11_group
2026-02-27,16,19.0,d11_group
2026-02-28,16,19.0,d11_group
2026-03-01,16,17.0,d11_group
2026-03-02,16,22.0,d11_group
2026-03-03,16,1.0,d11_group
2026-01-01,17,16.0,d11_group
2026-01-02,17,14.0,d11_group
2026-01-03,17,14.0,d11_group
2026-01-04,17,17.0,d11_group
2026-01-05,17,15.0,d11_group
2026-01-06,17,18.0,d11_group
2026-01-07,17,19.0,d11_group
2026-01-08,17,19.0,d11_group
2026-01-09,17,13.0,d11_group
2026-01-10,17,11.0,d11_group
2026-01-11,17,18.0,d11_group
2026-01-12,17,20.0,d11_group
2026-01-13,17,23.0,d11_group
2026-01-14,17,15.0,d11_group
2026-01-15,17,16.0,d11_group
2026-01-16,17,13.0,d11_group
2026-01-17,17,15.0,d11_group
2026-01-18,17,15.0,d11_group
2026-01-19,17,12.0,d11_group
2026-01-20,17,16.0,d11_group
2026-01-21,17,17.0,d11_group
2026-01-22,17,20.0,d11_group
2026-01-23,17,16.0,d11_group
2026-01-24,17,13.0,d11_group
2026-01-25,17,17.0,d11_group
2026-01-26,17,14.0,d11_group
2026-01-27,17,13.0,d11_group
2026-01-28,17,15.0,d11_group
2026-01-29,17,21.0,d11_group
2026-01-30,17,17.0,d11_group
2026-01-31,17,21.0,d11_group
2026-02-01,17,13.0,d11_group
2026-02-02,17,21.0,d11_group
2026-02-03,17,14.0,d11_group
2026-02-04,17,24.0,d11_group
2026-02-05,17,11.0,d11_group
2026-02-06,17,19.0,d11_group
2026-02-07,17,19.0,d11_group
2026-02-08,17,19.0,d11_group
2026-02-09,17,18.0,d11_group
2026-02-10,17,19.0,d11_group
2026-02-11,17,16.0,d11_group
2026-02-12,17,22.0,d11_group
2026-02-13,17,16.0,d11_group
2026-02-14,17,16.0,d11_group
2026-02-15,17,16.0,d11_group
2026-02-16,17,18.0,d11_group
2026-02-17,17,17.0,d11_group
2026-02-18,17,20.0,d11_group
2026-02-19,17,22.0,d11_group
2026-02-20,17,13.0,d11_group
2026-02-21,17,13.0,d11_group
2026-02-22,17,20.0,d11_group
2026-02-23,17,10.0,d11_group
2026-02-24,17,22.0,d11_group
2026-02-25,17,16.0,d11_group
2026-02-26,17,16.0,d11_group
2026-02-27,17,18.0,d11_group
2026-02-28,17,21.0,d11_group
2026-03-01,17,10.0,d11_group
2026-03-02,17,16.0,d11_group
2026-01-01,18,43.0,d14_group
2026-01-02,18,34.0,d14_group
2026-01-03,18,34.0,d14_group
2026-01-04,18,25.0,d14_group
2026-01-05,18,25.0,d14_group
2026-01-06,18,23.0,d14_group
2026-01-07,18,29.0,d14_group
2026-01-08,18,27.0,d14_group
2026-01-09,18,38.0,d14_group
2026-01-10,18,50.0,d14_group
2026-01-11,18,47.0,d14_group
2026-01-12,18,28.0,d14_group
2026-01-13,18,25.0,d14_group
2026-01-14,18,31.0,d14_group
2026-01-15,18,26.0,d14_group
2026-01-16,18,38.0,d14_group
2026-01-17,18,47.0,d14_group
2026-01-18,18,33.0,d14_group
2026-01-19,18,31.0,d14_group
2026-01-20,18,26.0,d14_group
2026-01-21,18,22.0,d14_group
2026-01-22,18,20.0,d14_group
2026-01-23,18,20.0,d14_group
2026-01-24,18,28.0,d14_group
2026-01-25,18,12.0,d14_group
2026-01-26,18,29.0,d14_group
2026-01-27,18,19.0,d14_group
2026-01-28,18,33.0,d14_group
2026-01-29,18,32.0,d14_group
2026-01-30,18,19.0,d14_group
2026-01-31,18,34.0,d14_group
2026-02-01,18,38.0,d14_group
2026-02-02,18,26.0,d14_group
2026-02-03,18,25.0,d14_group
2026-02-04,18,17.0,d14_group
2026-02-05,18,23.0,d14_group
2026-02-06,18,36.0,d14_group
2026-02-07,18,38.0,d14_group
2026-02-08,18,40.0,d14_group
2026-02-09,18,14.0,d14_group
2026-02-10,18,26.0,d14_group
2026-02-11,18,28.0,d14_group
2026-02-12,18,31.0,d14_group
2026-02-13,18,29.0,d14_group
2026-02-14,18,50.0,d14_group
2026-02-15,18,38.0,d14_group
2026-02-16,18,36.0,d14_group
2026-02-17,18,24.0,d14_group
2026-02-18,18,24.0,d14_group
2026-02-19,18,31.0,d14_group
2026-02-20,18,28.0,d14_group
2026-02-21,18,33.0,d14_group
2026-02-22,18,27.0,d14_group
2026-02-23,18,17.0,d14_group
2026-02-24,18,30.0,d14_group
2026-02-25,18,17.0,d14_group
2026-02-26,18,21.0,d14_group
2026-02-27,18,29.0,d14_group
2026-02-28,18,42.0,d14_group
2026-03-01,18,35.0,d14_group
2026-03-02,18,31.0,d14_group
2026-01-01,19,22.0,d14_group
2026-01-02,19,22.0,d14_group
2026-01-03,19,25.0,d14_group
2026-01-04,19,23.0,d14_group
2026-01-05,19,18.0,d14_group
2026-01-06,19,19.0,d14_group
2026-01-07,19,28.0,d14_group
2026-01-08,19,36.0,d14_group
2026-01-09,19,29.0,d14_group
2026-01-10,19,31.0,d14_group
2026-01-11,19,30.0,d14_group
2026-01-12,19,27.0,d14_group
2026-01-13,19,32.0,d14_group
2026-01-14,19,19.0,d14_group
2026-01-15,19,22.0,d14_group
2026-01-16,19,22.0,d14_group
2026-01-17,19,25.0,d14_group
2026-01-18,19,28.0,d14_group
2026-01-19,19,28.0,d14_group
2026-01-20,19,24.0,d14_group
2026-01-21,19,30.0,d14_group
2026-01-22,19,29.0,d14_group
2026-01-23,19,11.0,d14_group
2026-01-24,19,23.0,d14_group
2026-01-25,19,17.0,d14_group
2026-01-26,19,21.0,d14_group
2026-01-27,19,31.0,d14_group
2026-01-28,19,28.0,d14_group
2026-01-29,19,22.0,d14_group
2026-01-30,19,32.0,d14_group
2026-01-31,19,16.0,d14_group
2026-02-01,19,34.0,d14_group
2026-02-02,19,32.0,d14_group
2026-02-03,19,27.0,d14_group
2026-02-04,19,24.0,d14_group
2026-02-05,19,20.0,d14_group
2026-02-06,19,34.0,d14_group
2026-02-07,19,21.0,d14_group
2026-02-08,19,28.0,d14_group
2026-02-09,19,21.0,d14_group
2026-02-10,19,32.0,d14_group
2026-02-11,19,25.0,d14_group
2026-02-12,19,47.0,d14_group
2026-02-13,19,25.0,d14_group
2026-02-14,19,29.0,d14_group
2026-02-15,19,36.0,d14_group
2026-02-16,19,33.0,d14_group
2026-02-17,19,50.0,d14_group
2026-02-18,19,33.0,d14_group
2026-02-19,19,35.0,d14_group
2026-02-20,19,27.0,d14_group
2026-02-21,19,36.0,d14_group
2026-02-22,19,20.0,d14_group
2026-02-23,19,32.0,d14_group
2026-02-24,19,49.0,d14_group
2026-02-25,19,30.0,d14_group
2026-02-26,19,28.0,d14_group
2026-02-27,19,21.0,d14_group
2026-02-28,19,30.0,d14_group
2026-03-01,19,22.0,d14_group
2026-03-02,19,17.0,d14_group
2026-03-03,19,3.0,d14_group
2026-01-01,2,28.0,d08_group
2026-01-02,2,17.0,d08_group
2026-01-03,2,34.0,d08_group
2026-01-04,2,30.0,d08_group
2026-01-05,2,45.0,d08_group
2026-01-06,2,53.0,d08_group
2026-01-07,2,39.0,d08_group
2026-01-08,2,35.0,d08_group
2026-01-09,2,34.0,d08_group
2026-01-10,2,32.0,d08_group
2026-01-11,2,37.0,d08_group
2026-01-12,2,33.0,d08_group
2026-01-13,2,42.0,d08_group
2026-01-14,2,44.0,d08_group
2026-01-15,2,26.0,d08_group
2026-01-16,2,26.0,d08_group
2026-01-17,2,24.0,d08_group
2026-01-18,2,23.0,d08_group
2026-01-19,2,23.0,d08_group
2026-01-20,2,43.0,d08_group
2026-01-21,2,27.0,d08_group
2026-01-22,2,27.0,d08_group
2026-01-23,2,27.0,d08_group
2026-01-24,2,25.0,d08_group
2026-01-25,2,25.0,d08_group
2026-01-26,2,23.0,d08_group
2026-01-27,2,24.0,d08_group
2026-01-28,2,21.0,d08_group
2026-01-29,2,28.0,d08_group
2026-01-30,2,27.0,d08_group
2026-01-31,2,26.0,d08_group
2026-02-01,2,40.0,d08_group
2026-02-02,2,46.0,d08_group
2026-02-03,2,27.0,d08_group
2026-02-04,2,32.0,d08_group
2026-02-05,2,25.0,d08_group
2026-02-06,2,45.0,d08_group
2026-02-07,2,64.0,d08_group
2026-02-08,2,37.0,d08_group
2026-02-09,2,34.0,d08_group
2026-02-10,2,34.0,d08_group
2026-02-11,2,42.0,d08_group
2026-02-12,2,35.0,d08_group
2026-02-13,2,22.0,d08_group
2026-02-14,2,41.0,d08_group
2026-02-15,2,28.0,d08_group
2026-02-16,2,40.0,d08_group
2026-02-17,2,30.0,d08_group
2026-02-18,2,72.0,d08_group
2026-02-19,2,27.0,d08_group
2026-02-20,2,29.0,d08_group
2026-02-21,2,19.0,d08_group
2026-02-22,2,26.0,d08_group
2026-02-23,2,29.0,d08_group
2026-02-24,2,23.0,d08_group
2026-02-25,2,34.0,d08_group
2026-02-26,2,22.0,d08_group
2026-02-27,2,35.0,d08_group
2026-02-28,2,25.0,d08_group
2026-03-01,2,31.0,d08_group
2026-03-02,2,35.0,d08_group
2026-03-03,2,1.0,d08_group
2026-01-01,20,12.0,d11_group
2026-01-02,20,8.0,d11_group
2026-01-03,20,9.0,d11_group
2026-01-04,20,8.0,d11_group
2026-01-05,20,11.0,d11_group
2026-01-06,20,10.0,d11_group
2026-01-07,20,16.0,d11_group
2026-01-08,20,10.0,d11_group
2026-01-09,20,7.0,d11_group
2026-01-10,20,7.0,d11_group
2026-01-11,20,13.0,d11_group
2026-01-12,20,11.0,d11_group
2026-01-13,20,14.0,d11_group
2026-01-14,20,16.0,d11_group
2026-01-15,20,14.0,d11_group
2026-01-16,20,8.0,d11_group
2026-01-17,20,8.0,d11_group
2026-01-18,20,7.0,d11_group
2026-01-19,20,7.0,d11_group
2026-01-20,20,9.0,d11_group
2026-01-21,20,11.0,d11_group
2026-01-22,20,10.0,d11_group
2026-01-23,20,15.0,d11_group
2026-01-24,20,10.0,d11_group
2026-01-25,20,8.0,d11_group
2026-01-26,20,18.0,d11_group
2026-01-27,20,12.0,d11_group
2026-01-28,20,19.0,d11_group
2026-01-29,20,18.0,d11_group
2026-01-30,20,12.0,d11_group
2026-01-31,20,16.0,d11_group
2026-02-01,20,14.0,d11_group
2026-02-02,20,18.0,d11_group
2026-02-03,20,12.0,d11_group
2026-02-04,20,14.0,d11_group
2026-02-05,20,10.0,d11_group
2026-02-06,20,9.0,d11_group
2026-02-07,20,10.0,d11_group
2026-02-08,20,11.0,d11_group
2026-02-09,20,13.0,d11_group
2026-02-10,20,13.0,d11_group
2026-02-11,20,5.0,d11_group
2026-02-12,20,12.0,d11_group
2026-02-13,20,11.0,d11_group
2026-02-14,20,22.0,d11_group
2026-02-15,20,10.0,d11_group
2026-02-16,20,7.0,d11_group
2026-02-17,20,9.0,d11_group
2026-02-18,20,14.0,d11_group
2026-02-19,20,10.0,d11_group
2026-02-20,20,9.0,d11_group
2026-02-21,20,17.0,d11_group
2026-02-22,20,7.0,d11_group
2026-02-23,20,9.0,d11_group
2026-02-24,20,9.0,d11_group
2026-02-25,20,14.0,d11_group
2026-02-26,20,15.0,d11_group
2026-02-27,20,14.0,d11_group
2026-02-28,20,8.0,d11_group
2026-03-01,20,9.0,d11_group
2026-03-02,20,9.0,d11_group
2026-03-03,20,2.0,d11_group
2026-01-01,22,23.0,d11_group
2026-01-02,22,15.0,d11_group
2026-01-03,22,14.0,d11_group
2026-01-04,22,18.0,d11_group
2026-01-05,22,23.0,d11_group
2026-01-06,22,21.0,d11_group
2026-01-07,22,25.0,d11_group
2026-01-08,22,29.0,d11_group
2026-01-09,22,22.0,d11_group
2026-01-10,22,13.0,d11_group
2026-01-11,22,15.0,d11_group
2026-01-12,22,18.0,d11_group
2026-01-13,22,14.0,d11_group
2026-01-14,22,15.0,d11_group
2026-01-15,22,15.0,d11_group
2026-01-16,22,20.0,d11_group
2026-01-17,22,14.0,d11_group
2026-01-18,22,15.0,d11_group
2026-01-19,22,10.0,d11_group
2026-01-20,22,14.0,d11_group
2026-01-21,22,13.0,d11_group
2026-01-22,22,22.0,d11_group
2026-01-23,22,20.0,d11_group
2026-01-24,22,8.0,d11_group
2026-01-25,22,12.0,d11_group
2026-01-26,22,21.0,d11_group
2026-01-27,22,16.0,d11_group
2026-01-28,22,16.0,d11_group
2026-01-29,22,28.0,d11_group
2026-01-30,22,10.0,d11_group
2026-01-31,22,17.0,d11_group
2026-02-01,22,18.0,d11_group
2026-02-02,22,10.0,d11_group
2026-02-03,22,13.0,d11_group
2026-02-04,22,16.0,d11_group
2026-02-05,22,19.0,d11_group
2026-02-06,22,13.0,d11_group
2026-02-07,22,18.0,d11_group
2026-02-08,22,12.0,d11_group
2026-02-09,22,14.0,d11_group
2026-02-10,22,21.0,d11_group
2026-02-11,22,17.0,d11_group
2026-02-12,22,28.0,d11_group
2026-02-13,22,24.0,d11_group
2026-02-14,22,30.0,d11_group
2026-02-15,22,29.0,d11_group
2026-02-16,22,24.0,d11_group
2026-02-17,22,20.0,d11_group
2026-02-18,22,33.0,d11_group
2026-02-19,22,16.0,d11_group
2026-02-20,22,13.0,d11_group
2026-02-21,22,19.0,d11_group
2026-02-22,22,21.0,d11_group
2026-02-23,22,11.0,d11_group
2026-02-24,22,10.0,d11_group
2026-02-25,22,21.0,d11_group
2026-02-26,22,15.0,d11_group
2026-02-27,22,20.0,d11_group
2026-02-28,22,13.0,d11_group
2026-03-01,22,12.0,d11_group
2026-03-02,22,15.0,d11_group
2026-01-01,24,20.0,d11_group
2026-01-02,24,21.0,d11_group
2026-01-03,24,15.0,d11_group
2026-01-04,24,13.0,d11_group
2026-01-05,24,16.0,d11_group
2026-01-06,24,20.0,d11_group
2026-01-07,24,24.0,d11_group
2026-01-08,24,23.0,d11_group
2026-01-09,24,14.0,d11_group
2026-01-10,24,20.0,d11_group
2026-01-11,24,15.0,d11_group
2026-01-12,24,21.0,d11_group
2026-01-13,24,12.0,d11_group
2026-01-14,24,21.0,d11_group
2026-01-15,24,20.0,d11_group
2026-01-16,24,14.0,d11_group
2026-01-17,24,12.0,d11_group
2026-01-18,24,11.0,d11_group
2026-01-19,24,13.0,d11_group
2026-01-20,24,20.0,d11_group
2026-01-21,24,23.0,d11_group
2026-01-22,24,18.0,d11_group
2026-01-23,24,9.0,d11_group
2026-01-24,24,16.0,d11_group
2026-01-25,24,12.0,d11_group
2026-01-26,24,16.0,d11_group
2026-01-27,24,10.0,d11_group
2026-01-28,24,20.0,d11_group
2026-01-29,24,10.0,d11_group
2026-01-30,24,17.0,d11_group
2026-01-31,24,24.0,d11_group
2026-02-01,24,12.0,d11_group
2026-02-02,24,18.0,d11_group
2026-02-03,24,12.0,d11_group
2026-02-04,24,4.0,d11_group
2026-02-05,24,15.0,d11_group
2026-02-06,24,19.0,d11_group
2026-02-07,24,18.0,d11_group
2026-02-08,24,17.0,d11_group
2026-02-09,24,19.0,d11_group
2026-02-10,24,20.0,d11_group
2026-02-11,24,23.0,d11_group
2026-02-12,24,23.0,d11_group
2026-02-13,24,13.0,d11_group
2026-02-14,24,21.0,d11_group
2026-02-15,24,23.0,d11_group
2026-02-16,24,18.0,d11_group
2026-02-17,24,22.0,d11_group
2026-02-18,24,24.0,d11_group
2026-02-19,24,19.0,d11_group
2026-02-20,24,14.0,d11_group
2026-02-21,24,20.0,d11_group
2026-02-22,24,23.0,d11_group
2026-02-23,24,19.0,d11_group
2026-02-24,24,16.0,d11_group
2026-02-25,24,16.0,d11_group
2026-02-26,24,21.0,d11_group
2026-02-27,24,18.0,d11_group
2026-02-28,24,20.0,d11_group
2026-03-01,24,14.0,d11_group
2026-03-02,24,18.0,d11_group
2026-01-01,25,26.0,d08_group
2026-01-02,25,25.0,d08_group
2026-01-03,25,35.0,d08_group
2026-01-04,25,26.0,d08_group
2026-01-05,25,25.0,d08_group
2026-01-06,25,25.0,d08_group
2026-01-07,25,27.0,d08_group
2026-01-08,25,47.0,d08_group
2026-01-09,25,30.0,d08_group
2026-01-10,25,25.0,d08_group
2026-01-11,25,21.0,d08_group
2026-01-12,25,38.0,d08_group
2026-01-13,25,36.0,d08_group
2026-01-14,25,24.0,d08_group
2026-01-15,25,25.0,d08_group
2026-01-16,25,22.0,d08_group
2026-01-17,25,29.0,d08_group
2026-01-18,25,24.0,d08_group
2026-01-19,25,23.0,d08_group
2026-01-20,25,28.0,d08_group
2026-01-21,25,22.0,d08_group
2026-01-22,25,18.0,d08_group
2026-01-23,25,21.0,d08_group
2026-01-24,25,25.0,d08_group
2026-01-25,25,18.0,d08_group
2026-01-26,25,24.0,d08_group
2026-01-27,25,27.0,d08_group
2026-01-28,25,29.0,d08_group
2026-01-29,25,22.0,d08_group
2026-01-30,25,13.0,d08_group
2026-01-31,25,27.0,d08_group
2026-02-01,25,32.0,d08_group
2026-02-02,25,24.0,d08_group
2026-02-03,25,42.0,d08_group
2026-02-04,25,29.0,d08_group
2026-02-05,25,24.0,d08_group
2026-02-06,25,35.0,d08_group
2026-02-07,25,30.0,d08_group
2026-02-08,25,18.0,d08_group
2026-02-09,25,22.0,d08_group
2026-02-10,25,25.0,d08_group
2026-02-11,25,40.0,d08_group
2026-02-12,25,23.0,d08_group
2026-02-13,25,32.0,d08_group
2026-02-14,25,29.0,d08_group
2026-02-15,25,26.0,d08_group
2026-02-16,25,43.0,d08_group
2026-02-17,25,33.0,d08_group
2026-02-18,25,31.0,d08_group
2026-02-19,25,25.0,d08_group
2026-02-20,25,32.0,d08_group
2026-02-21,25,27.0,d08_group
2026-02-22,25,23.0,d08_group
2026-02-23,25,15.0,d08_group
2026-02-24,25,21.0,d08_group
2026-02-25,25,23.0,d08_group
2026-02-26,25,25.0,d08_group
2026-02-27,25,28.0,d08_group
2026-02-28,25,22.0,d08_group
2026-03-01,25,17.0,d08_group
2026-03-02,25,33.0,d08_group
2026-01-01,3,34.0,d11_group
2026-01-02,3,32.0,d11_group
2026-01-03,3,30.0,d11_group
2026-01-04,3,38.0,d11_group
2026-01-05,3,45.0,d11_group
2026-01-06,3,33.0,d11_group
2026-01-07,3,29.0,d11_group
2026-01-08,3,24.0,d11_group
2026-01-09,3,33.0,d11_group
2026-01-10,3,34.0,d11_group
2026-01-11,3,40.0,d11_group
2026-01-12,3,33.0,d11_group
2026-01-13,3,30.0,d11_group
2026-01-14,3,33.0,d11_group
2026-01-15,3,29.0,d11_group
2026-01-16,3,38.0,d11_group
2026-01-17,3,24.0,d11_group
2026-01-18,3,26.0,d11_group
2026-01-19,3,31.0,d11_group
2026-01-20,3,30.0,d11_group
2026-01-21,3,34.0,d11_group
2026-01-22,3,28.0,d11_group
2026-01-23,3,27.0,d11_group
2026-01-24,3,30.0,d11_group
2026-01-25,3,27.0,d11_group
2026-01-26,3,26.0,d11_group
2026-01-27,3,26.0,d11_group
2026-01-28,3,20.0,d11_group
2026-01-29,3,45.0,d11_group
2026-01-30,3,25.0,d11_group
2026-01-31,3,34.0,d11_group
2026-02-01,3,39.0,d11_group
2026-02-02,3,30.0,d11_group
2026-02-03,3,32.0,d11_group
2026-02-04,3,35.0,d11_group
2026-02-05,3,40.0,d11_group
2026-02-06,3,35.0,d11_group
2026-02-07,3,38.0,d11_group
2026-02-08,3,27.0,d11_group
2026-02-09,3,28.0,d11_group
2026-02-10,3,21.0,d11_group
2026-02-11,3,18.0,d11_group
2026-02-12,3,24.0,d11_group
2026-02-13,3,28.0,d11_group
2026-02-14,3,31.0,d11_group
2026-02-15,3,30.0,d11_group
2026-02-16,3,42.0,d11_group
2026-02-17,3,37.0,d11_group
2026-02-18,3,22.0,d11_group
2026-02-19,3,40.0,d11_group
2026-02-20,3,41.0,d11_group
2026-02-21,3,32.0,d11_group
2026-02-22,3,24.0,d11_group
2026-02-23,3,23.0,d11_group
2026-02-24,3,23.0,d11_group
2026-02-25,3,24.0,d11_group
2026-02-26,3,32.0,d11_group
2026-02-27,3,26.0,d11_group
2026-02-28,3,22.0,d11_group
2026-03-01,3,33.0,d11_group
2026-03-02,3,28.0,d11_group
2026-03-03,3,1.0,d11_group
2026-01-01,4,49.0,d11_group
2026-01-02,4,32.0,d11_group
2026-01-03,4,41.0,d11_group
2026-01-04,4,38.0,d11_group
2026-01-05,4,30.0,d11_group
2026-01-06,4,33.0,d11_group
2026-01-07,4,38.0,d11_group
2026-01-08,4,31.0,d11_group
2026-01-09,4,30.0,d11_group
2026-01-10,4,24.0,d11_group
2026-01-11,4,25.0,d11_group
2026-01-12,4,31.0,d11_group
2026-01-13,4,31.0,d11_group
2026-01-14,4,27.0,d11_group
2026-01-15,4,28.0,d11_group
2026-01-16,4,34.0,d11_group
2026-01-17,4,21.0,d11_group
2026-01-18,4,26.0,d11_group
2026-01-19,4,28.0,d11_group
2026-01-20,4,25.0,d11_group
2026-01-21,4,32.0,d11_group
2026-01-22,4,19.0,d11_group
2026-01-23,4,21.0,d11_group
2026-01-24,4,25.0,d11_group
2026-01-25,4,38.0,d11_group
2026-01-26,4,30.0,d11_group
2026-01-27,4,20.0,d11_group
2026-01-28,4,32.0,d11_group
2026-01-29,4,23.0,d11_group
2026-01-30,4,26.0,d11_group
2026-01-31,4,36.0,d11_group
2026-02-01,4,36.0,d11_group
2026-02-02,4,40.0,d11_group
2026-02-03,4,32.0,d11_group
2026-02-04,4,29.0,d11_group
2026-02-05,4,31.0,d11_group
2026-02-06,4,20.0,d11_group
2026-02-07,4,24.0,d11_group
2026-02-08,4,21.0,d11_group
2026-02-09,4,33.0,d11_group
2026-02-10,4,18.0,d11_group
2026-02-11,4,30.0,d11_group
2026-02-12,4,25.0,d11_group
2026-02-13,4,32.0,d11_group
2026-02-14,4,35.0,d11_group
2026-02-15,4,32.0,d11_group
2026-02-16,4,55.0,d11_group
2026-02-17,4,22.0,d11_group
2026-02-18,4,34.0,d11_group
2026-02-19,4,23.0,d11_group
2026-02-20,4,34.0,d11_group
2026-02-21,4,34.0,d11_group
2026-02-22,4,15.0,d11_group
2026-02-23,4,22.0,d11_group
2026-02-24,4,26.0,d11_group
2026-02-25,4,31.0,d11_group
2026-02-26,4,30.0,d11_group
2026-02-27,4,32.0,d11_group
2026-02-28,4,26.0,d11_group
2026-03-01,4,25.0,d11_group
2026-03-02,4,33.0,d11_group
2026-03-03,4,1.0,d11_group
2026-01-01,5,32.0,d11_group
2026-01-02,5,23.0,d11_group
2026-01-03,5,23.0,d11_group
2026-01-04,5,21.0,d11_group
2026-01-05,5,25.0,d11_group
2026-01-06,5,29.0,d11_group
2026-01-07,5,23.0,d11_group
2026-01-08,5,18.0,d11_group
2026-01-09,5,30.0,d11_group
2026-01-10,5,18.0,d11_group
2026-01-11,5,20.0,d11_group
2026-01-12,5,27.0,d11_group
2026-01-13,5,20.0,d11_group
2026-01-14,5,15.0,d11_group
2026-01-15,5,27.0,d11_group
2026-01-16,5,28.0,d11_group
2026-01-17,5,19.0,d11_group
2026-01-18,5,18.0,d11_group
2026-01-19,5,16.0,d11_group
2026-01-20,5,14.0,d11_group
2026-01-21,5,20.0,d11_group
2026-01-22,5,18.0,d11_group
2026-01-23,5,18.0,d11_group
2026-01-24,5,14.0,d11_group
2026-01-25,5,18.0,d11_group
2026-01-26,5,22.0,d11_group
2026-01-27,5,18.0,d11_group
2026-01-28,5,25.0,d11_group
2026-01-29,5,18.0,d11_group
2026-01-30,5,18.0,d11_group
2026-01-31,5,22.0,d11_group
2026-02-01,5,20.0,d11_group
2026-02-02,5,24.0,d11_group
2026-02-03,5,23.0,d11_group
2026-02-04,5,28.0,d11_group
2026-02-05,5,22.0,d11_group
2026-02-06,5,19.0,d11_group
2026-02-07,5,16.0,d11_group
2026-02-08,5,19.0,d11_group
2026-02-09,5,21.0,d11_group
2026-02-10,5,10.0,d11_group
2026-02-11,5,17.0,d11_group
2026-02-12,5,27.0,d11_group
2026-02-13,5,28.0,d11_group
2026-02-14,5,23.0,d11_group
2026-02-15,5,28.0,d11_group
2026-02-16,5,22.0,d11_group
2026-02-17,5,22.0,d11_group
2026-02-18,5,26.0,d11_group
2026-02-19,5,23.0,d11_group
2026-02-20,5,17.0,d11_group
2026-02-21,5,18.0,d11_group
2026-02-22,5,23.0,d11_group
2026-02-23,5,20.0,d11_group
2026-02-24,5,18.0,d11_group
2026-02-25,5,22.0,d11_group
2026-02-26,5,21.0,d11_group
2026-02-27,5,17.0,d11_group
2026-02-28,5,21.0,d11_group
2026-03-01,5,12.0,d11_group
2026-03-02,5,18.0,d11_group
2026-03-03,5,1.0,d11_group
2026-01-01,6,43.0,d11_group
2026-01-02,6,32.0,d11_group
2026-01-03,6,37.0,d11_group
2026-01-04,6,33.0,d11_group
2026-01-05,6,40.0,d11_group
2026-01-06,6,41.0,d11_group
2026-01-07,6,35.0,d11_group
2026-01-08,6,32.0,d11_group
2026-01-09,6,25.0,d11_group
2026-01-10,6,23.0,d11_group
2026-01-11,6,34.0,d11_group
2026-01-12,6,32.0,d11_group
2026-01-13,6,39.0,d11_group
2026-01-14,6,22.0,d11_group
2026-01-15,6,44.0,d11_group
2026-01-16,6,31.0,d11_group
2026-01-17,6,34.0,d11_group
2026-01-18,6,24.0,d11_group
2026-01-19,6,35.0,d11_group
2026-01-20,6,35.0,d11_group
2026-01-21,6,34.0,d11_group
2026-01-22,6,24.0,d11_group
2026-01-23,6,25.0,d11_group
2026-01-24,6,22.0,d11_group
2026-01-25,6,22.0,d11_group
2026-01-26,6,21.0,d11_group
2026-01-27,6,39.0,d11_group
2026-01-28,6,24.0,d11_group
2026-01-29,6,27.0,d11_group
2026-01-30,6,30.0,d11_group
2026-01-31,6,30.0,d11_group
2026-02-01,6,24.0,d11_group
2026-02-02,6,43.0,d11_group
2026-02-03,6,34.0,d11_group
2026-02-04,6,27.0,d11_group
2026-02-05,6,36.0,d11_group
2026-02-06,6,25.0,d11_group
2026-02-07,6,35.0,d11_group
2026-02-08,6,30.0,d11_group
2026-02-09,6,37.0,d11_group
2026-02-10,6,34.0,d11_group
2026-02-11,6,35.0,d11_group
2026-02-12,6,44.0,d11_group
2026-02-13,6,33.0,d11_group
2026-02-14,6,37.0,d11_group
2026-02-15,6,34.0,d11_group
2026-02-16,6,42.0,d11_group
2026-02-17,6,25.0,d11_group
2026-02-18,6,29.0,d11_group
2026-02-19,6,37.0,d11_group
2026-02-20,6,34.0,d11_group
2026-02-21,6,28.0,d11_group
2026-02-22,6,33.0,d11_group
2026-02-23,6,33.0,d11_group
2026-02-24,6,33.0,d11_group
2026-02-25,6,24.0,d11_group
2026-02-26,6,24.0,d11_group
2026-02-27,6,34.0,d11_group
2026-02-28,6,29.0,d11_group
2026-03-01,6,33.0,d11_group
2026-03-02,6,20.0,d11_group
2026-03-03,6,1.0,d11_group
2026-01-01,7,24.0,d11_group
2026-01-02,7,33.0,d11_group
2026-01-03,7,31.0,d11_group
2026-01-04,7,20.0,d11_group
2026-01-05,7,20.0,d11_group
2026-01-06,7,21.0,d11_group
2026-01-07,7,19.0,d11_group
2026-01-08,7,25.0,d11_group
2026-01-09,7,28.0,d11_group
2026-01-10,7,19.0,d11_group
2026-01-11,7,21.0,d11_group
2026-01-12,7,20.0,d11_group
2026-01-13,7,25.0,d11_group
2026-01-14,7,24.0,d11_group
2026-01-15,7,26.0,d11_group
2026-01-16,7,25.0,d11_group
2026-01-17,7,17.0,d11_group
2026-01-18,7,25.0,d11_group
2026-01-19,7,15.0,d11_group
2026-01-20,7,13.0,d11_group
2026-01-21,7,31.0,d11_group
2026-01-22,7,17.0,d11_group
2026-01-23,7,18.0,d11_group
2026-01-24,7,26.0,d11_group
2026-01-25,7,15.0,d11_group
2026-01-26,7,17.0,d11_group
2026-01-27,7,21.0,d11_group
2026-01-28,7,21.0,d11_group
2026-01-29,7,23.0,d11_group
2026-01-30,7,25.0,d11_group
2026-01-31,7,15.0,d11_group
2026-02-01,7,24.0,d11_group
2026-02-02,7,25.0,d11_group
2026-02-03,7,16.0,d11_group
2026-02-04,7,24.0,d11_group
2026-02-05,7,19.0,d11_group
2026-02-06,7,25.0,d11_group
2026-02-07,7,23.0,d11_group
2026-02-08,7,24.0,d11_group
2026-02-09,7,26.0,d11_group
2026-02-10,7,23.0,d11_group
2026-02-11,7,19.0,d11_group
2026-02-12,7,34.0,d11_group
2026-02-13,7,20.0,d11_group
2026-02-14,7,28.0,d11_group
2026-02-15,7,23.0,d11_group
2026-02-16,7,35.0,d11_group
2026-02-17,7,31.0,d11_group
2026-02-18,7,24.0,d11_group
2026-02-19,7,31.0,d11_group
2026-02-20,7,19.0,d11_group
2026-02-21,7,23.0,d11_group
2026-02-22,7,21.0,d11_group
2026-02-23,7,15.0,d11_group
2026-02-24,7,16.0,d11_group
2026-02-25,7,13.0,d11_group
2026-02-26,7,25.0,d11_group
2026-02-27,7,17.0,d11_group
2026-02-28,7,18.0,d11_group
2026-03-01,7,21.0,d11_group
2026-03-02,7,16.0,d11_group
2026-01-01,8,40.0,d08_group
2026-01-02,8,32.0,d08_group
2026-01-03,8,39.0,d08_group
2026-01-04,8,37.0,d08_group
2026-01-05,8,34.0,d08_group
2026-01-06,8,39.0,d08_group
2026-01-07,8,43.0,d08_group
2026-01-08,8,26.0,d08_group
2026-01-09,8,40.0,d08_group
2026-01-10,8,37.0,d08_group
2026-01-11,8,33.0,d08_group
2026-01-12,8,35.0,d08_group
2026-01-13,8,32.0,d08_group
2026-01-14,8,32.0,d08_group
2026-01-15,8,40.0,d08_group
2026-01-16,8,38.0,d08_group
2026-01-17,8,33.0,d08_group
2026-01-18,8,39.0,d08_group
2026-01-19,8,30.0,d08_group
2026-01-20,8,43.0,d08_group
2026-01-21,8,41.0,d08_group
2026-01-22,8,38.0,d08_group
2026-01-23,8,37.0,d08_group
2026-01-24,8,33.0,d08_group
2026-01-25,8,22.0,d08_group
2026-01-26,8,22.0,d08_group
2026-01-27,8,27.0,d08_group
2026-01-28,8,23.0,d08_group
2026-01-29,8,28.0,d08_group
2026-01-30,8,32.0,d08_group
2026-01-31,8,38.0,d08_group
2026-02-01,8,31.0,d08_group
2026-02-02,8,37.0,d08_group
2026-02-03,8,42.0,d08_group
2026-02-04,8,36.0,d08_group
2026-02-05,8,37.0,d08_group
2026-02-06,8,30.0,d08_group
2026-02-07,8,38.0,d08_group
2026-02-08,8,38.0,d08_group
2026-02-09,8,40.0,d08_group
2026-02-10,8,30.0,d08_group
2026-02-11,8,39.0,d08_group
2026-02-12,8,38.0,d08_group
2026-02-13,8,40.0,d08_group
2026-02-14,8,34.0,d08_group
2026-02-15,8,48.0,d08_group
2026-02-16,8,33.0,d08_group
2026-02-17,8,34.0,d08_group
2026-02-18,8,37.0,d08_group
2026-02-19,8,42.0,d08_group
2026-02-20,8,54.0,d08_group
2026-02-21,8,23.0,d08_group
2026-02-22,8,24.0,d08_group
2026-02-23,8,32.0,d08_group
2026-02-24,8,31.0,d08_group
2026-02-25,8,47.0,d08_group
2026-02-26,8,29.0,d08_group
2026-02-27,8,43.0,d08_group
2026-02-28,8,29.0,d08_group
2026-03-01,8,31.0,d08_group
2026-03-02,8,38.0,d08_group
2026-03-03,8,1.0,d08_group
2026-01-01,9,30.0,d08_group
2026-01-02,9,25.0,d08_group
2026-01-03,9,24.0,d08_group
2026-01-04,9,25.0,d08_group
2026-01-05,9,24.0,d08_group
2026-01-06,9,24.0,d08_group
2026-01-07,9,38.0,d08_group
2026-01-08,9,31.0,d08_group
2026-01-09,9,43.0,d08_group
2026-01-10,9,25.0,d08_group
2026-01-11,9,32.0,d08_group
2026-01-12,9,15.0,d08_group
2026-01-13,9,22.0,d08_group
2026-01-14,9,13.0,d08_group
2026-01-15,9,15.0,d08_group
2026-01-16,9,17.0,d08_group
2026-01-17,9,27.0,d08_group
2026-01-18,9,21.0,d08_group
2026-01-19,9,17.0,d08_group
2026-01-20,9,22.0,d08_group
2026-01-21,9,16.0,d08_group
2026-01-22,9,20.0,d08_group
2026-01-23,9,20.0,d08_group
2026-01-24,9,32.0,d08_group
2026-01-25,9,22.0,d08_group
2026-01-26,9,28.0,d08_group
2026-01-27,9,30.0,d08_group
2026-01-28,9,19.0,d08_group
2026-01-29,9,26.0,d08_group
2026-01-30,9,27.0,d08_group
2026-01-31,9,22.0,d08_group
2026-02-01,9,28.0,d08_group
2026-02-02,9,28.0,d08_group
2026-02-03,9,24.0,d08_group
2026-02-04,9,29.0,d08_group
2026-02-05,9,33.0,d08_group
2026-02-06,9,27.0,d08_group
2026-02-07,9,28.0,d08_group
2026-02-08,9,21.0,d08_group
2026-02-09,9,20.0,d08_group
2026-02-10,9,31.0,d08_group
2026-02-11,9,33.0,d08_group
2026-02-12,9,28.0,d08_group
2026-02-13,9,38.0,d08_group
2026-02-14,9,30.0,d08_group
2026-02-15,9,26.0,d08_group
2026-02-16,9,39.0,d08_group
2026-02-17,9,29.0,d08_group
2026-02-18,9,20.0,d08_group
2026-02-19,9,37.0,d08_group
2026-02-20,9,31.0,d08_group
2026-02-21,9,33.0,d08_group
2026-02-22,9,26.0,d08_group
2026-02-23,9,24.0,d08_group
2026-02-24,9,20.0,d08_group
2026-02-25,9,28.0,d08_group
2026-02-26,9,33.0,d08_group
2026-02-27,9,24.0,d08_group
2026-02-28,9,29.0,d08_group
2026-03-01,9,25.0,d08_group
2026-03-02,9,19.0,d08_group
